hour_offset,engine_temp_deg_C,vibration_mm_per_s,oil_pressure_PSI,rpm_rpm,fuel_flow_kg_per_h,hydraulic_pressure_PSI
-119,688.9,2.19,54.4,10393.9,2790.9,3008.2
-118,684.0,2.04,55.9,10399.9,2774.4,3017.3
-117,694.2,2.19,54.5,10414.3,2792.5,3006.4
-116,695.7,2.04,55.1,10402.4,2780.0,3002.2
-115,698.2,1.96,54.7,10419.8,2797.6,2992.3
-114,693.7,2.14,55.0,10408.7,2785.6,3000.3
-113,689.5,1.93,54.7,10382.0,2792.6,2999.1
-112,694.5,2.1,55.2,10438.9,2777.2,2995.6
-111,698.4,2.05,55.1,10389.6,2774.5,2987.2
-110,694.3,1.83,54.5,10400.8,2794.3,2993.8
-109,699.1,2.28,55.2,10388.3,2790.2,2996.2
-108,700.0,2.1,55.4,10413.4,2786.4,2997.4
-107,687.7,2.16,56.0,10403.6,2793.5,2994.4
-106,692.7,2.0,55.5,10407.6,2810.9,2999.9
-105,697.2,1.99,55.5,10422.9,2801.7,3000.6
-104,692.6,1.96,55.0,10473.7,2797.1,2998.2
-103,692.7,2.06,54.6,10396.7,2806.9,3000.6
-102,695.8,2.17,54.8,10415.5,2809.7,3005.2
-101,685.3,2.08,54.7,10412.5,2798.3,2991.8
-100,689.8,1.99,54.8,10399.9,2762.0,2988.1
-99,692.0,2.07,54.9,10408.0,2777.4,3006.3
-98,687.8,2.01,55.0,10368.7,2778.6,3007.7
-97,693.2,1.92,55.0,10410.3,2804.9,3000.1
-96,692.6,1.95,55.7,10386.2,2786.7,3005.2
-95,699.6,2.08,55.5,10389.0,2783.4,3007.7
-94,695.2,1.99,55.9,10395.9,2801.0,3011.9
-93,693.0,1.95,55.2,10414.4,2786.4,3015.3
-92,687.4,1.97,55.9,10446.3,2781.5,3007.3
-91,690.9,2.06,54.7,10426.0,2789.9,2979.2
-90,694.2,1.98,54.4,10442.6,2785.2,3008.1
-89,691.5,2.05,53.8,10408.0,2798.5,3015.8
-88,691.9,2.02,55.3,10375.2,2792.6,2997.2
-87,694.5,1.89,54.3,10389.2,2782.4,3006.6
-86,687.2,2.02,55.3,10396.7,2779.4,2993.7
-85,695.0,1.95,54.7,10396.3,2776.6,3009.8
-84,695.2,1.99,55.6,10400.6,2783.7,3022.5
-83,691.0,2.08,55.7,10398.0,2795.6,3016.9
-82,696.5,1.97,55.2,10414.4,2806.5,3008.6
-81,688.9,2.13,54.8,10420.6,2791.1,2986.3
-80,701.3,2.17,54.8,10403.9,2802.3,3018.8
-79,692.1,2.01,55.2,10374.2,2797.1,3038.6
-78,693.5,3.08,54.2,10384.7,2786.7,3001.8
-77,693.7,2.07,54.6,10425.6,2780.5,2991.7
-76,696.6,1.89,53.5,10415.4,2802.3,2995.8
-75,690.9,1.99,55.2,10378.1,2781.0,3038.3
-74,685.3,1.96,54.6,10400.1,2764.6,3004.7
-73,685.3,1.9,54.4,10426.6,2791.1,3008.9
-72,697.3,2.02,54.5,10431.6,2784.5,2988.9
-71,695.6,2.05,55.7,10400.6,2791.5,3000.1
-70,694.5,2.09,55.4,10443.1,2801.3,3031.1
-69,688.0,2.05,54.6,10404.7,2778.2,3033.6
-68,692.7,2.13,55.4,10405.2,2809.1,3015.4
-67,701.2,2.1,54.8,10374.6,2794.5,2989.5
-66,688.9,2.1,54.7,10388.8,2812.0,2987.4
-65,692.0,1.98,55.0,10414.4,2782.9,3020.7
-64,688.5,2.07,54.2,10394.7,2773.5,3024.3
-63,693.0,1.97,54.9,10374.0,2790.5,2997.2
-62,693.2,2.08,55.2,10398.9,2790.5,2980.9
-61,682.9,1.98,55.3,10408.5,2785.3,3017.6
-60,684.0,2.03,55.9,10379.5,2793.0,3036.1
-59,689.4,2.13,55.1,10412.5,2791.6,3044.1
-58,697.2,2.08,55.8,10384.8,2795.0,2995.4
-57,696.8,2.18,55.6,10388.5,2797.8,2980.4
-56,690.9,2.06,54.6,10419.4,2795.8,3004.5
-55,694.7,2.08,55.0,10410.5,2808.6,3036.6
-54,689.8,2.01,55.5,10408.4,2808.8,3012.2
-53,693.8,2.09,54.1,10407.6,2786.7,2983.0
-52,690.9,2.06,54.9,10396.9,2777.4,2966.5
-51,680.7,1.96,55.4,10347.3,2770.7,3024.1
-50,687.2,2.0,55.6,10402.2,2801.8,3048.0
-49,690.6,2.07,55.5,10399.5,2785.1,3028.1
-48,687.9,1.91,55.0,10384.9,2776.3,2987.5
-47,695.8,2.06,55.4,10370.1,2800.9,2999.3
-46,690.1,2.01,55.4,10408.3,2788.3,3044.8
-45,694.4,1.95,55.7,10417.5,2792.4,3029.1
-44,701.0,2.03,55.2,10390.4,2794.7,3018.1
-43,694.6,2.19,55.4,10407.4,2797.2,2986.9
-42,715.2,2.05,55.0,10409.7,2788.1,2997.2
-41,692.2,2.09,54.3,10367.9,2795.8,3074.3
-40,692.0,1.96,55.3,10378.9,2777.2,3062.8
-39,685.3,2.03,54.9,10401.0,2795.0,3016.0
-38,694.0,2.02,55.3,10362.5,2798.2,2967.4
-37,692.5,1.96,54.8,10385.0,2800.8,3013.7
-36,694.6,2.09,55.4,10416.5,2800.4,3066.5
-35,695.3,2.11,55.8,10391.3,2792.0,3067.6
-34,692.5,2.12,54.8,10407.4,2797.9,3005.4
-33,689.9,2.02,55.1,10444.2,2786.3,2995.8
-32,694.2,2.08,54.8,10398.8,2802.7,3031.4
-31,706.5,2.09,54.6,10416.8,2781.3,3061.7
-30,696.0,2.1,54.6,10444.0,2799.5,3048.7
-29,691.3,1.99,54.9,10388.2,2796.0,2963.5
-28,686.8,1.97,54.4,10417.4,2796.1,2941.0
-27,697.4,1.93,55.2,10387.8,2792.3,3045.3
-26,685.6,2.08,55.5,10401.1,2769.9,3076.5
-25,691.9,1.97,53.9,10393.3,2784.7,3034.5
-24,681.4,1.99,55.7,10385.3,2774.5,2954.0
-23,691.7,2.03,54.8,10425.7,2796.4,2958.9
-22,696.7,2.09,56.0,10404.9,2785.7,3024.8
-21,696.7,2.17,55.9,10390.6,2806.1,3103.2
-20,696.6,2.01,54.7,10442.1,2803.5,3015.7
-19,695.8,1.99,54.9,10407.4,2786.8,2949.4
-18,691.0,2.09,54.8,10426.4,2798.0,2965.7
-17,687.9,2.0,55.4,10429.0,2781.1,3056.6
-16,690.6,2.05,54.2,10385.1,2781.5,3085.4
-15,692.2,2.03,54.4,10401.4,2785.4,2983.7
-14,692.1,2.02,55.2,10402.4,2778.2,2942.9
-13,687.1,1.97,55.4,10379.7,2768.4,2986.9
-12,695.3,1.95,54.8,10407.6,2794.8,3066.5
-11,686.8,2.13,55.7,10391.8,2789.6,3072.9
-10,690.6,2.1,55.2,10414.8,2806.0,3017.1
-9,694.8,2.06,55.5,10436.5,2798.0,2948.9
-8,696.0,2.01,55.6,10433.7,2783.0,2986.2
-7,687.9,2.12,55.5,10454.5,2797.6,3096.6
-6,698.3,1.89,54.8,10397.0,2807.9,3063.6
-5,691.7,2.04,54.8,10410.3,2792.7,2984.6
-4,691.1,2.05,54.4,10395.0,2790.6,2937.9
-3,694.6,1.97,54.4,10420.9,2775.4,3016.8
-2,692.4,2.1,55.2,10378.8,2807.0,3082.4
-1,692.6,1.98,54.5,10380.4,2802.9,3068.9
0,689.4,2.05,55.5,10421.1,2796.3,2988.4
